{
    "safe_URL": {
        "precision": 0.8864306784660767,
        "recall": 0.9015,
        "f1-score": 0.893901834407536,
        "support": 2000
    },
    "unsafe_URL": {
        "precision": 0.8997965412004069,
        "recall": 0.8845,
        "f1-score": 0.8920827029752899,
        "support": 2000
    },
    "accuracy": 0.893,
    "macro avg": {
        "precision": 0.8931136098332417,
        "recall": 0.893,
        "f1-score": 0.8929922686914129,
        "support": 4000
    },
    "weighted avg": {
        "precision": 0.8931136098332417,
        "recall": 0.893,
        "f1-score": 0.8929922686914129,
        "support": 4000
    }
}