{
    "safe_URL": {
        "precision": 0.875,
        "recall": 0.8970088375254929,
        "f1-score": 0.8858677408526351,
        "support": 2942
    },
    "unsafe_URL": {
        "precision": 0.8984584450402144,
        "recall": 0.8767168083714846,
        "f1-score": 0.8874544852697782,
        "support": 3058
    },
    "accuracy": 0.8866666666666667,
    "macro avg": {
        "precision": 0.8867292225201072,
        "recall": 0.8868628229484887,
        "f1-score": 0.8866611130612067,
        "support": 6000
    },
    "weighted avg": {
        "precision": 0.8869559874888293,
        "recall": 0.8866666666666667,
        "f1-score": 0.8866764515905723,
        "support": 6000
    }
}