{
    "safe_URL": {
        "precision": 0.967741935483871,
        "recall": 0.975,
        "f1-score": 0.9713574097135741,
        "support": 2000
    },
    "unsafe_URL": {
        "precision": 0.9748110831234257,
        "recall": 0.9675,
        "f1-score": 0.9711417816813049,
        "support": 2000
    },
    "accuracy": 0.97125,
    "macro avg": {
        "precision": 0.9712765093036484,
        "recall": 0.97125,
        "f1-score": 0.9712495956974395,
        "support": 4000
    },
    "weighted avg": {
        "precision": 0.9712765093036483,
        "recall": 0.97125,
        "f1-score": 0.9712495956974394,
        "support": 4000
    }
}