{
    "safe_URL": {
        "precision": 0.8894348894348895,
        "recall": 0.905,
        "f1-score": 0.8971499380421314,
        "support": 2000.0
    },
    "unsafe_URL": {
        "precision": 0.9033078880407125,
        "recall": 0.8875,
        "f1-score": 0.8953341740226985,
        "support": 2000.0
    },
    "accuracy": 0.89625,
    "macro avg": {
        "precision": 0.896371388737801,
        "recall": 0.89625,
        "f1-score": 0.8962420560324149,
        "support": 4000.0
    },
    "weighted avg": {
        "precision": 0.896371388737801,
        "recall": 0.89625,
        "f1-score": 0.8962420560324149,
        "support": 4000.0
    }
}