{
    "safe_URL": {
        "precision": 0.8901477832512316,
        "recall": 0.9035,
        "f1-score": 0.8967741935483872,
        "support": 2000
    },
    "unsafe_URL": {
        "precision": 0.9020304568527919,
        "recall": 0.8885,
        "f1-score": 0.8952141057934508,
        "support": 2000
    },
    "accuracy": 0.896,
    "macro avg": {
        "precision": 0.8960891200520118,
        "recall": 0.8959999999999999,
        "f1-score": 0.895994149670919,
        "support": 4000
    },
    "weighted avg": {
        "precision": 0.8960891200520118,
        "recall": 0.896,
        "f1-score": 0.895994149670919,
        "support": 4000
    }
}