{
    "safe_URL": {
        "precision": 0.8890525282277859,
        "recall": 0.9055,
        "f1-score": 0.8972008917513005,
        "support": 2000.0
    },
    "unsafe_URL": {
        "precision": 0.9037187977585328,
        "recall": 0.887,
        "f1-score": 0.8952813525107242,
        "support": 2000.0
    },
    "accuracy": 0.89625,
    "macro avg": {
        "precision": 0.8963856629931594,
        "recall": 0.89625,
        "f1-score": 0.8962411221310123,
        "support": 4000.0
    },
    "weighted avg": {
        "precision": 0.8963856629931594,
        "recall": 0.89625,
        "f1-score": 0.8962411221310123,
        "support": 4000.0
    }
}