{
    "safe_URL": {
        "precision": 0.8896551724137931,
        "recall": 0.903,
        "f1-score": 0.8962779156327544,
        "support": 2000.0
    },
    "unsafe_URL": {
        "precision": 0.9015228426395939,
        "recall": 0.888,
        "f1-score": 0.8947103274559194,
        "support": 2000.0
    },
    "accuracy": 0.8955,
    "macro avg": {
        "precision": 0.8955890075266935,
        "recall": 0.8955,
        "f1-score": 0.8954941215443368,
        "support": 4000.0
    },
    "weighted avg": {
        "precision": 0.8955890075266936,
        "recall": 0.8955,
        "f1-score": 0.8954941215443368,
        "support": 4000.0
    }
}