{
    "safe_URL": {
        "precision": 0.875871224692997,
        "recall": 0.8970088375254929,
        "f1-score": 0.8863140218303948,
        "support": 2942
    },
    "unsafe_URL": {
        "precision": 0.8985604285236023,
        "recall": 0.8776978417266187,
        "f1-score": 0.8880066170388751,
        "support": 3058
    },
    "accuracy": 0.8871666666666667,
    "macro avg": {
        "precision": 0.8872158266082997,
        "recall": 0.8873533396260558,
        "f1-score": 0.8871603194346349,
        "support": 6000
    },
    "weighted avg": {
        "precision": 0.8874351555786621,
        "recall": 0.8871666666666667,
        "f1-score": 0.8871766811883168,
        "support": 6000
    }
}