{
    "safe_URL": {
        "precision": 0.890255905511811,
        "recall": 0.9045,
        "f1-score": 0.8973214285714285,
        "support": 2000
    },
    "unsafe_URL": {
        "precision": 0.9029471544715447,
        "recall": 0.8885,
        "f1-score": 0.8956653225806451,
        "support": 2000
    },
    "accuracy": 0.8965,
    "macro avg": {
        "precision": 0.8966015299916779,
        "recall": 0.8965,
        "f1-score": 0.8964933755760368,
        "support": 4000
    },
    "weighted avg": {
        "precision": 0.8966015299916779,
        "recall": 0.8965,
        "f1-score": 0.8964933755760368,
        "support": 4000
    }
}