{
    "safe_URL": {
        "precision": 0.949119373776908,
        "recall": 0.97,
        "f1-score": 0.9594460929772504,
        "support": 2000
    },
    "unsafe_URL": {
        "precision": 0.9693251533742331,
        "recall": 0.948,
        "f1-score": 0.9585439838220424,
        "support": 2000
    },
    "accuracy": 0.959,
    "macro avg": {
        "precision": 0.9592222635755705,
        "recall": 0.959,
        "f1-score": 0.9589950383996464,
        "support": 4000
    },
    "weighted avg": {
        "precision": 0.9592222635755705,
        "recall": 0.959,
        "f1-score": 0.9589950383996463,
        "support": 4000
    }
}