{
    "safe_URL": {
        "precision": 0.8898721730580138,
        "recall": 0.905,
        "f1-score": 0.8973723351512147,
        "support": 2000
    },
    "unsafe_URL": {
        "precision": 0.9033570701932858,
        "recall": 0.888,
        "f1-score": 0.8956127080181542,
        "support": 2000
    },
    "accuracy": 0.8965,
    "macro avg": {
        "precision": 0.8966146216256499,
        "recall": 0.8965000000000001,
        "f1-score": 0.8964925215846844,
        "support": 4000
    },
    "weighted avg": {
        "precision": 0.8966146216256498,
        "recall": 0.8965,
        "f1-score": 0.8964925215846845,
        "support": 4000
    }
}