{
    "safe_URL": {
        "precision": 0.8891625615763546,
        "recall": 0.9025,
        "f1-score": 0.8957816377171216,
        "support": 2000
    },
    "unsafe_URL": {
        "precision": 0.9010152284263959,
        "recall": 0.8875,
        "f1-score": 0.8942065491183878,
        "support": 2000
    },
    "accuracy": 0.895,
    "macro avg": {
        "precision": 0.8950888950013753,
        "recall": 0.895,
        "f1-score": 0.8949940934177547,
        "support": 4000
    },
    "weighted avg": {
        "precision": 0.8950888950013752,
        "recall": 0.895,
        "f1-score": 0.8949940934177547,
        "support": 4000
    }
}