{
    "safe_URL": {
        "precision": 0.8892716535433071,
        "recall": 0.9035,
        "f1-score": 0.896329365079365,
        "support": 2000.0
    },
    "unsafe_URL": {
        "precision": 0.9019308943089431,
        "recall": 0.8875,
        "f1-score": 0.894657258064516,
        "support": 2000.0
    },
    "accuracy": 0.8955,
    "macro avg": {
        "precision": 0.8956012739261251,
        "recall": 0.8955,
        "f1-score": 0.8954933115719406,
        "support": 4000.0
    },
    "weighted avg": {
        "precision": 0.895601273926125,
        "recall": 0.8955,
        "f1-score": 0.8954933115719405,
        "support": 4000.0
    }
}