{
    "safe_URL": {
        "precision": 0.88992628992629,
        "recall": 0.9055,
        "f1-score": 0.8976456009913258,
        "support": 2000.0
    },
    "unsafe_URL": {
        "precision": 0.9038167938931297,
        "recall": 0.888,
        "f1-score": 0.8958385876418663,
        "support": 2000.0
    },
    "accuracy": 0.89675,
    "macro avg": {
        "precision": 0.8968715419097099,
        "recall": 0.8967499999999999,
        "f1-score": 0.896742094316596,
        "support": 4000.0
    },
    "weighted avg": {
        "precision": 0.8968715419097099,
        "recall": 0.89675,
        "f1-score": 0.8967420943165961,
        "support": 4000.0
    }
}