{
    "safe_URL": {
        "precision": 0.8905325443786982,
        "recall": 0.903,
        "f1-score": 0.8967229394240317,
        "support": 2000.0
    },
    "unsafe_URL": {
        "precision": 0.9016227180527383,
        "recall": 0.889,
        "f1-score": 0.8952668680765358,
        "support": 2000.0
    },
    "accuracy": 0.896,
    "macro avg": {
        "precision": 0.8960776312157183,
        "recall": 0.896,
        "f1-score": 0.8959949037502837,
        "support": 4000.0
    },
    "weighted avg": {
        "precision": 0.8960776312157183,
        "recall": 0.896,
        "f1-score": 0.8959949037502837,
        "support": 4000.0
    }
}